MH_Name,Physical_Vehicle_ID,Contract_Type,Trip_Number,Assigned_Truck,Truck_Capacity,Total_Load,Weight_Utilization_%,Num_Stops,Route_Type,Total_Distance_km,MH_Overhead_min,Loading_Time_min,Travel_Time_min,DH_Overhead_min,Unloading_Time_min,Total_Trip_Time_min,Time_Budget_min,Time_Utilization_%,Is_Split_Delivery,Route
BLR-DRY-MH-SUMADHURA,BLR-DRY-MH-SUMADHURA_V001,24H,1,6FT,1000,458,45.8,1,Direct,73.95,60,60,86.0,60,60,326.0,600,54.3,True,BLR-DRY-MH-SUMADHURA -> BLR-Shivaji nagar New_part2 -> BLR-DRY-MH-SUMADHURA
BLR-DRY-MH-SUMADHURA,BLR-DRY-MH-SUMADHURA_V001,24H,2,6FT,1000,0,0.0,0,—,0.0,0,0,0.0,0,0,0.0,600,0.0,False,—
BLR-DRY-MH-SUMADHURA,BLR-DRY-MH-SUMADHURA_V002,24H,1,8FT,2000,1691,84.5,1,Direct,85.43,60,60,102.2,60,60,342.2,600,57.0,False,BLR-DRY-MH-SUMADHURA -> BLR-Margosa road -> BLR-DRY-MH-SUMADHURA
BLR-DRY-MH-SUMADHURA,BLR-DRY-MH-SUMADHURA_V002,24H,2,8FT,2000,1742,87.1,1,Direct,87.17,60,60,105.2,60,60,345.2,600,57.5,False,BLR-DRY-MH-SUMADHURA -> BLR-Sanjaynagar -> BLR-DRY-MH-SUMADHURA
BLR-DRY-MH-SUMADHURA,BLR-DRY-MH-SUMADHURA_V003,24H,1,8FT,2000,1720,86.0,1,Direct,40.46,60,60,47.2,60,60,287.2,600,47.9,False,BLR-DRY-MH-SUMADHURA -> BLR-Sattava East -> BLR-DRY-MH-SUMADHURA
BLR-DRY-MH-SUMADHURA,BLR-DRY-MH-SUMADHURA_V003,24H,2,8FT,2000,1923,96.2,1,Direct,59.36,60,60,70.1,60,60,310.1,600,51.7,False,BLR-DRY-MH-SUMADHURA -> BLR-BROOKEFIELD -> BLR-DRY-MH-SUMADHURA
BLR-DRY-MH-SUMADHURA,BLR-DRY-MH-SUMADHURA_V004,24H,1,8FT,2000,1730,86.5,1,Direct,68.72,60,60,81.3,60,60,321.3,600,53.6,False,BLR-DRY-MH-SUMADHURA -> BLR-Aswath Nagar -> BLR-DRY-MH-SUMADHURA
BLR-DRY-MH-SUMADHURA,BLR-DRY-MH-SUMADHURA_V004,24H,2,8FT,2000,1837,91.8,1,Direct,64.74,60,60,77.5,60,60,317.5,600,52.9,False,BLR-DRY-MH-SUMADHURA -> BLR-GUNJUR Network -> BLR-DRY-MH-SUMADHURA
BLR-DRY-MH-SUMADHURA,BLR-DRY-MH-SUMADHURA_V005,24H,1,8FT,2000,1922,96.1,1,Direct,61.12,60,60,70.4,60,60,310.4,600,51.7,False,BLR-DRY-MH-SUMADHURA -> BLR-Kasturinagar -> BLR-DRY-MH-SUMADHURA
BLR-DRY-MH-SUMADHURA,BLR-DRY-MH-SUMADHURA_V005,24H,2,8FT,2000,1572,78.6,1,Direct,39.86,60,60,46.6,60,60,286.6,600,47.8,False,BLR-DRY-MH-SUMADHURA -> BLR-Budigere Cross -> BLR-DRY-MH-SUMADHURA
BLR-DRY-MH-SUMADHURA,BLR-DRY-MH-SUMADHURA_V006,24H,1,8FT,2000,1549,77.5,1,Direct,61.68,60,60,66.5,60,60,306.5,600,51.1,False,BLR-DRY-MH-SUMADHURA -> BLR-Devanahalli -> BLR-DRY-MH-SUMADHURA
BLR-DRY-MH-SUMADHURA,BLR-DRY-MH-SUMADHURA_V006,24H,2,8FT,2000,1840,92.0,1,Direct,46.16,60,60,53.6,60,60,293.6,600,48.9,False,BLR-DRY-MH-SUMADHURA -> BLR-Seegehalli -> BLR-DRY-MH-SUMADHURA
BLR-DRY-MH-SUMADHURA,BLR-DRY-MH-SUMADHURA_V007,24H,1,8FT,2000,1554,77.7,1,Direct,51.11,60,60,60.7,60,60,300.7,600,50.1,False,BLR-DRY-MH-SUMADHURA -> BLR-Doddathoguru -> BLR-DRY-MH-SUMADHURA
BLR-DRY-MH-SUMADHURA,BLR-DRY-MH-SUMADHURA_V007,24H,2,8FT,2000,1580,79.0,1,Direct,54.91,60,60,64.2,60,60,304.2,600,50.7,False,BLR-DRY-MH-SUMADHURA -> BLR-Brookfield Network-2 -> BLR-DRY-MH-SUMADHURA
BLR-DRY-MH-SUMADHURA,BLR-DRY-MH-SUMADHURA_V008,24H,1,8FT,2000,1992,99.6,1,Direct,72.23,60,60,92.5,60,60,332.5,600,55.4,False,BLR-DRY-MH-SUMADHURA -> BLR-Kogilu Road -> BLR-DRY-MH-SUMADHURA
BLR-DRY-MH-SUMADHURA,BLR-DRY-MH-SUMADHURA_V008,24H,2,8FT,2000,1851,92.5,1,Direct,74.74,60,60,92.3,60,60,332.3,600,55.4,False,BLR-DRY-MH-SUMADHURA -> BLR-Jakkur Network -> BLR-DRY-MH-SUMADHURA
BLR-DRY-MH-SUMADHURA,BLR-DRY-MH-SUMADHURA_V009,24H,1,8FT,2000,1841,92.0,2,Milk Run,113.16,60,60,147.2,120,120,507.2,600,84.5,False,BLR-DRY-MH-SUMADHURA -> BLR-Nagdevanahalli -> BLR-Hegganahalli -> BLR-DRY-MH-SUMADHURA
BLR-DRY-MH-SUMADHURA,BLR-DRY-MH-SUMADHURA_V009,24H,2,8FT,2000,1952,97.6,1,Direct,71.81,60,60,88.5,60,60,328.5,600,54.7,False,BLR-DRY-MH-SUMADHURA -> BLR-HBR Layout -> BLR-DRY-MH-SUMADHURA
BLR-DRY-MH-SUMADHURA,BLR-DRY-MH-SUMADHURA_V010,24H,1,8FT,2000,1731,86.6,1,Direct,80.34,60,60,100.6,60,60,340.6,600,56.8,False,BLR-DRY-MH-SUMADHURA -> BLR-Nehru Nagar -> BLR-DRY-MH-SUMADHURA
BLR-DRY-MH-SUMADHURA,BLR-DRY-MH-SUMADHURA_V010,24H,2,8FT,2000,1892,94.6,1,Direct,76.95,60,60,95.4,60,60,335.4,600,55.9,False,BLR-DRY-MH-SUMADHURA -> BLR-Jakkur New -> BLR-DRY-MH-SUMADHURA
BLR-DRY-MH-SUMADHURA,BLR-DRY-MH-SUMADHURA_V011,24H,1,8FT,2000,1670,83.5,1,Direct,93.99,60,60,118.8,60,60,358.8,600,59.8,False,BLR-DRY-MH-SUMADHURA -> BLR-Yelahanka Network -> BLR-DRY-MH-SUMADHURA
BLR-DRY-MH-SUMADHURA,BLR-DRY-MH-SUMADHURA_V011,24H,2,8FT,2000,1884,94.2,1,Direct,86.08,60,60,109.8,60,60,349.8,600,58.3,False,BLR-DRY-MH-SUMADHURA -> BLR-RWF Yelahanka -> BLR-DRY-MH-SUMADHURA
BLR-DRY-MH-SUMADHURA,BLR-DRY-MH-SUMADHURA_V012,24H,1,10FT,3000,2976,99.2,2,Milk Run,95.37,60,90,116.2,120,180,566.2,600,94.4,False,BLR-DRY-MH-SUMADHURA -> BLR-JP Nagar Network -> BLR-Jayanagar 9th block -> BLR-DRY-MH-SUMADHURA
BLR-DRY-MH-SUMADHURA,BLR-DRY-MH-SUMADHURA_V012,24H,2,10FT,3000,2623,87.4,1,Direct,89.2,60,90,106.0,60,90,406.0,600,67.7,False,BLR-DRY-MH-SUMADHURA -> BLR-Malleshwaram new -> BLR-DRY-MH-SUMADHURA
BLR-DRY-MH-SUMADHURA,BLR-DRY-MH-SUMADHURA_V013,24H,1,10FT,3000,2892,96.4,1,Direct,54.58,60,90,64.6,60,90,364.6,600,60.8,False,BLR-DRY-MH-SUMADHURA -> BLR-RAMAMURTHY NAGAR NEW -> BLR-DRY-MH-SUMADHURA
BLR-DRY-MH-SUMADHURA,BLR-DRY-MH-SUMADHURA_V013,24H,2,10FT,3000,2676,89.2,1,Direct,109.09,60,90,135.3,60,90,435.3,600,72.6,False,BLR-DRY-MH-SUMADHURA -> BLR-Electronic City New -> BLR-DRY-MH-SUMADHURA
BLR-DRY-MH-SUMADHURA,BLR-DRY-MH-SUMADHURA_V014,24H,1,10FT,3000,2813,93.8,2,Milk Run,67.54,60,90,84.0,120,180,534.0,600,89.0,False,BLR-DRY-MH-SUMADHURA -> BLR-Varthur -> BLR-Marathahalli New -> BLR-DRY-MH-SUMADHURA
BLR-DRY-MH-SUMADHURA,BLR-DRY-MH-SUMADHURA_V014,24H,2,10FT,3000,2786,92.9,2,Milk Run,68.02,60,90,85.0,120,180,535.0,600,89.2,False,BLR-DRY-MH-SUMADHURA -> BLR-Garudachar Palya -> BLR-Marathahalli-3 -> BLR-DRY-MH-SUMADHURA
BLR-DRY-MH-SUMADHURA,BLR-DRY-MH-SUMADHURA_V015,24H,1,10FT,3000,2984,99.5,1,Direct,70.37,60,90,85.3,60,90,385.3,600,64.2,False,BLR-DRY-MH-SUMADHURA -> BLR-Narayanapura Network -> BLR-DRY-MH-SUMADHURA
BLR-DRY-MH-SUMADHURA,BLR-DRY-MH-SUMADHURA_V015,24H,2,10FT,3000,2687,89.6,1,Direct,77.81,60,90,96.5,60,90,396.5,600,66.1,False,BLR-DRY-MH-SUMADHURA -> BLR-Richmond Town Network -> BLR-DRY-MH-SUMADHURA
BLR-DRY-MH-SUMADHURA,BLR-DRY-MH-SUMADHURA_V016,24H,1,10FT,3000,2709,90.3,1,Direct,59.28,60,90,68.7,60,90,368.7,600,61.5,False,BLR-DRY-MH-SUMADHURA -> BLR-Dooravani Nagar -> BLR-DRY-MH-SUMADHURA
BLR-DRY-MH-SUMADHURA,BLR-DRY-MH-SUMADHURA_V016,24H,2,10FT,3000,2812,93.7,2,Milk Run,105.81,60,90,133.0,120,180,583.0,600,97.2,False,BLR-DRY-MH-SUMADHURA -> BLR-Kothnur New -> BLR-Bannerghatta Network 2 -> BLR-DRY-MH-SUMADHURA
BLR-DRY-MH-SUMADHURA,BLR-DRY-MH-SUMADHURA_V017,24H,1,10FT,3000,2849,95.0,2,Milk Run,101.94,60,90,124.2,120,180,574.2,600,95.7,False,BLR-DRY-MH-SUMADHURA -> BLR-Murugeshpalya -> BLR-BANNERGHATTA -> BLR-DRY-MH-SUMADHURA
BLR-DRY-MH-SUMADHURA,BLR-DRY-MH-SUMADHURA_V017,24H,2,10FT,3000,2029,67.6,1,Direct,63.33,60,90,77.4,60,90,377.4,600,62.9,False,BLR-DRY-MH-SUMADHURA -> BLR-Hennur New -> BLR-DRY-MH-SUMADHURA
BLR-DRY-MH-SUMADHURA,BLR-DRY-MH-SUMADHURA_V018,24H,1,10FT,3000,2618,87.3,1,Direct,88.34,60,90,107.6,60,90,407.6,600,67.9,False,BLR-DRY-MH-SUMADHURA -> BLR-Mico layout network-2 -> BLR-DRY-MH-SUMADHURA
BLR-DRY-MH-SUMADHURA,BLR-DRY-MH-SUMADHURA_V018,24H,2,10FT,3000,2400,80.0,1,Direct,47.88,60,90,56.5,60,90,356.5,600,59.4,False,BLR-DRY-MH-SUMADHURA -> BLR-BASAVANAPURA NETWORK 2 -> BLR-DRY-MH-SUMADHURA
BLR-DRY-MH-SUMADHURA,BLR-DRY-MH-SUMADHURA_V019,24H,1,10FT,3000,2617,87.2,1,Direct,66.77,60,90,82.7,60,90,382.7,600,63.8,False,BLR-DRY-MH-SUMADHURA -> BLR-Marathahalli 2 -> BLR-DRY-MH-SUMADHURA
BLR-DRY-MH-SUMADHURA,BLR-DRY-MH-SUMADHURA_V019,24H,2,10FT,3000,2719,90.6,1,Direct,73.33,60,90,91.5,60,90,391.5,600,65.3,False,BLR-DRY-MH-SUMADHURA -> BLR-Nagavara -> BLR-DRY-MH-SUMADHURA
BLR-DRY-MH-SUMADHURA,BLR-DRY-MH-SUMADHURA_V020,24H,1,10FT,3000,2003,66.8,1,Direct,49.01,60,90,57.6,60,90,357.6,600,59.6,False,BLR-DRY-MH-SUMADHURA -> BLR-Belathur -> BLR-DRY-MH-SUMADHURA
BLR-DRY-MH-SUMADHURA,BLR-DRY-MH-SUMADHURA_V020,24H,2,10FT,3000,2776,92.5,1,Direct,54.07,60,90,64.1,60,90,364.1,600,60.7,False,BLR-DRY-MH-SUMADHURA -> BLR-Whitefield New -> BLR-DRY-MH-SUMADHURA
BLR-DRY-MH-SUMADHURA,BLR-DRY-MH-SUMADHURA_V021,24H,1,10FT,3000,2252,75.1,1,Direct,51.89,60,90,61.0,60,90,361.0,600,60.2,False,BLR-DRY-MH-SUMADHURA -> BLR-Kadugodi -> BLR-DRY-MH-SUMADHURA
BLR-DRY-MH-SUMADHURA,BLR-DRY-MH-SUMADHURA_V021,24H,2,10FT,3000,2850,95.0,1,Direct,84.45,60,90,101.3,60,90,401.3,600,66.9,False,BLR-DRY-MH-SUMADHURA -> BLR-Chickpet New -> BLR-DRY-MH-SUMADHURA
BLR-DRY-MH-SUMADHURA,BLR-DRY-MH-SUMADHURA_V022,24H,1,10FT,3000,2445,81.5,1,Direct,65.4,60,90,76.2,60,90,376.2,600,62.7,False,BLR-DRY-MH-SUMADHURA -> BLR-KALYAN NAGAR NEW -> BLR-DRY-MH-SUMADHURA
BLR-DRY-MH-SUMADHURA,BLR-DRY-MH-SUMADHURA_V022,24H,2,10FT,3000,2684,89.5,2,Milk Run,108.97,60,90,134.8,120,180,584.8,600,97.5,False,BLR-DRY-MH-SUMADHURA -> BLR-Magadi Road -> BLR-JC Nagar -> BLR-DRY-MH-SUMADHURA
BLR-DRY-MH-SUMADHURA,BLR-DRY-MH-SUMADHURA_V023,24H,1,10FT,3000,2378,79.3,2,Milk Run,111.99,60,90,142.2,120,180,592.2,600,98.7,False,BLR-DRY-MH-SUMADHURA -> BLR-Tippenahalli -> BLR-Abbigere -> BLR-DRY-MH-SUMADHURA
BLR-DRY-MH-SUMADHURA,BLR-DRY-MH-SUMADHURA_V023,24H,2,10FT,3000,3000,100.0,1,Direct,73.95,60,90,86.0,60,90,386.0,600,64.3,True,BLR-DRY-MH-SUMADHURA -> BLR-Shivaji nagar New_part1 -> BLR-DRY-MH-SUMADHURA
BLR-DRY-MH-SUMADHURA,BLR-DRY-MH-SUMADHURA_V024,24H,1,10FT,3000,2112,70.4,1,Direct,59.48,60,90,71.4,60,90,371.4,600,61.9,False,BLR-DRY-MH-SUMADHURA -> BLR-Banjara Layout -> BLR-DRY-MH-SUMADHURA
BLR-DRY-MH-SUMADHURA,BLR-DRY-MH-SUMADHURA_V024,24H,2,10FT,3000,3000,100.0,2,Milk Run,84.09,60,90,106.9,120,180,556.9,600,92.8,False,BLR-DRY-MH-SUMADHURA -> BLR-TC Palaya -> BLR-BHADRAPPA LAYOUT NETWORK -> BLR-DRY-MH-SUMADHURA
BLR-DRY-MH-SUMADHURA,BLR-DRY-MH-SUMADHURA_V025,24H,1,14FT,4667,4468,95.7,2,Milk Run,96.01,60,90,128.6,120,180,578.6,600,96.4,False,BLR-DRY-MH-SUMADHURA -> BLR-Vidyaranyapura -> BLR-Yelahanka new town New -> BLR-DRY-MH-SUMADHURA
BLR-DRY-MH-SUMADHURA,BLR-DRY-MH-SUMADHURA_V025,24H,2,14FT,4667,4198,90.0,2,Milk Run,118.99,60,90,149.6,120,180,599.6,600,99.9,False,BLR-DRY-MH-SUMADHURA -> BLR-Kannika Nagar -> BLR-BTM LAYOUT NEW -> BLR-DRY-MH-SUMADHURA
BLR-DRY-MH-SUMADHURA,BLR-DRY-MH-SUMADHURA_V026,24H,1,14FT,4667,4592,98.4,1,Direct,69.73,60,90,82.7,60,90,382.7,600,63.8,False,BLR-DRY-MH-SUMADHURA -> BLR-INDIRANAGAR NEW -> BLR-DRY-MH-SUMADHURA
BLR-DRY-MH-SUMADHURA,BLR-DRY-MH-SUMADHURA_V026,24H,2,14FT,4667,4636,99.3,2,Milk Run,69.84,60,90,83.7,120,180,533.7,600,89.0,False,BLR-DRY-MH-SUMADHURA -> BLR-CV RAMAN NAGAR NEW -> BLR-Kannamangala -> BLR-DRY-MH-SUMADHURA
BLR-DRY-MH-SUMADHURA,BLR-DRY-MH-SUMADHURA_V027,24H,1,14FT,4667,4034,86.4,1,Direct,88.77,60,90,107.3,60,90,407.3,600,67.9,False,BLR-DRY-MH-SUMADHURA -> BLR-BTM-2 -> BLR-DRY-MH-SUMADHURA
BLR-DRY-MH-SUMADHURA,BLR-DRY-MH-SUMADHURA_V027,24H,2,14FT,4667,4610,98.8,2,Milk Run,86.02,60,90,105.5,120,180,555.5,600,92.6,False,BLR-DRY-MH-SUMADHURA -> BLR-Bagalur -> BLR-Ramamurthy Nagar Network -> BLR-DRY-MH-SUMADHURA
BLR-DRY-MH-SUMADHURA,BLR-DRY-MH-SUMADHURA_V028,24H,1,14FT,4667,3716,79.6,1,Direct,79.38,60,90,100.5,60,90,400.5,600,66.8,False,BLR-DRY-MH-SUMADHURA -> BLR-Cholayanakanalli -> BLR-DRY-MH-SUMADHURA
BLR-DRY-MH-SUMADHURA,BLR-DRY-MH-SUMADHURA_V028,24H,2,14FT,4667,3751,80.4,1,Direct,68.3,60,90,81.4,60,90,381.4,600,63.6,False,BLR-DRY-MH-SUMADHURA -> BLR-Kalyan Nagar Network -> BLR-DRY-MH-SUMADHURA
BLR-DRY-MH-SUMADHURA,BLR-DRY-MH-SUMADHURA_V029,24H,1,14FT,4667,4554,97.6,2,Milk Run,105.52,60,90,131.4,120,180,581.4,600,96.9,False,BLR-DRY-MH-SUMADHURA -> BLR-Banashankari New -> BLR-JP Nagar Network-2 -> BLR-DRY-MH-SUMADHURA
BLR-DRY-MH-SUMADHURA,BLR-DRY-MH-SUMADHURA_V029,24H,2,14FT,4667,4573,98.0,2,Milk Run,90.98,60,90,115.1,120,180,565.1,600,94.2,False,BLR-DRY-MH-SUMADHURA -> BLR-GUNJUR -> BLR-HSR Layout New -> BLR-DRY-MH-SUMADHURA
BLR-DRY-MH-SUMADHURA,BLR-DRY-MH-SUMADHURA_V030,24H,1,14FT,4667,4538,97.2,2,Milk Run,84.68,60,90,107.6,120,180,557.6,600,92.9,False,BLR-DRY-MH-SUMADHURA -> BLR-Dasarahalli -> BLR - Bhadrappa Layout -> BLR-DRY-MH-SUMADHURA
BLR-DRY-MH-SUMADHURA,BLR-DRY-MH-SUMADHURA_V030,24H,2,14FT,4667,4653,99.7,2,Milk Run,108.05,60,90,135.0,120,180,585.0,600,97.5,False,BLR-DRY-MH-SUMADHURA -> BLR-VIJAY NAGAR -> BLR-JP Nagar New -> BLR-DRY-MH-SUMADHURA
BLR-DRY-MH-SUMADHURA,BLR-DRY-MH-SUMADHURA_V031,24H,1,14FT,4667,4663,99.9,2,Milk Run,77.4,60,90,98.2,120,180,548.2,600,91.4,False,BLR-DRY-MH-SUMADHURA -> BLR-Challakere -> BLR-Doddanekundi -> BLR-DRY-MH-SUMADHURA
BLR-DRY-MH-SUMADHURA,BLR-DRY-MH-SUMADHURA_V031,24H,2,14FT,4667,4664,99.9,2,Milk Run,110.9,60,90,138.2,120,180,588.2,600,98.0,False,BLR-DRY-MH-SUMADHURA -> BLR-Singapura -> BLR-Yallapa Garden -> BLR-DRY-MH-SUMADHURA
BLR-DRY-MH-SUMADHURA,BLR-DRY-MH-SUMADHURA_V032,24H,1,14FT,4667,3758,80.5,1,Direct,77.28,60,90,90.4,60,90,390.4,600,65.1,False,BLR-DRY-MH-SUMADHURA -> BLR-SHIVAJI NAGAR Network -> BLR-DRY-MH-SUMADHURA
BLR-DRY-MH-SUMADHURA,BLR-DRY-MH-SUMADHURA_V032,24H,2,14FT,4667,4651,99.7,2,Milk Run,82.91,60,90,102.0,120,180,552.0,600,92.0,False,BLR-DRY-MH-SUMADHURA -> BLR-Siddapura -> BLR-RICHMOND TOWN -> BLR-DRY-MH-SUMADHURA
BLR-DRY-MH-SUMADHURA,BLR-DRY-MH-SUMADHURA_V033,24H,1,14FT,4667,4079,87.4,1,Direct,73.53,60,90,92.3,60,90,392.3,600,65.4,False,BLR-DRY-MH-SUMADHURA -> BLR-HEBBAL NEW -> BLR-DRY-MH-SUMADHURA
BLR-DRY-MH-SUMADHURA,BLR-DRY-MH-SUMADHURA_V033,24H,2,14FT,4667,4637,99.4,2,Milk Run,69.53,60,90,88.4,120,180,538.4,600,89.7,False,BLR-DRY-MH-SUMADHURA -> BLR-Narayanapura -> BLR-Nikoo Home New -> BLR-DRY-MH-SUMADHURA
BLR-DRY-MH-SUMADHURA,BLR-DRY-MH-SUMADHURA_V034,24H,1,14FT,4667,4442,95.2,2,Milk Run,97.85,60,90,120.3,120,180,570.3,600,95.1,False,BLR-DRY-MH-SUMADHURA -> BLR-Goraguntepalya -> BLR-Mathikere -> BLR-DRY-MH-SUMADHURA
BLR-DRY-MH-SUMADHURA,BLR-DRY-MH-SUMADHURA_V034,24H,2,14FT,4667,0,0.0,0,—,0.0,0,0,0.0,0,0,0.0,600,0.0,False,—
BLR-DRY-MH-SUMADHURA,BLR-DRY-MH-SUMADHURA_V035,24H,1,17FT,5467,4997,91.4,1,Direct,88.35,60,120,108.9,60,120,468.9,600,78.2,False,BLR-DRY-MH-SUMADHURA -> BLR-HSR-3 -> BLR-DRY-MH-SUMADHURA
BLR-DRY-MH-SUMADHURA,BLR-DRY-MH-SUMADHURA_V035,24H,2,17FT,5467,0,0.0,0,—,0.0,0,0,0.0,0,0,0.0,600,0.0,False,—
BLR-DRY-MH-Sumadhura2,BLR-DRY-MH-Sumadhura2_V001,24H,1,6FT,1000,593,59.3,1,Direct,87.18,60,60,105.3,60,60,345.3,600,57.5,True,BLR-DRY-MH-Sumadhura2 -> BLR-Sanjaynagar_part2 -> BLR-DRY-MH-Sumadhura2
BLR-DRY-MH-Sumadhura2,BLR-DRY-MH-Sumadhura2_V001,24H,2,6FT,1000,670,67.0,1,Direct,85.43,60,60,102.3,60,60,342.3,600,57.0,True,BLR-DRY-MH-Sumadhura2 -> BLR-Margosa road_part2 -> BLR-DRY-MH-Sumadhura2
BLR-DRY-MH-Sumadhura2,BLR-DRY-MH-Sumadhura2_V002,24H,1,6FT,1000,750,75.0,1,Direct,84.4,60,60,105.5,60,60,345.5,600,57.6,True,BLR-DRY-MH-Sumadhura2 -> BLR-BHADRAPPA LAYOUT NETWORK_part2 -> BLR-DRY-MH-Sumadhura2
BLR-DRY-MH-Sumadhura2,BLR-DRY-MH-Sumadhura2_V002,24H,2,6FT,1000,877,87.7,1,Direct,73.96,60,60,86.0,60,60,326.0,600,54.3,True,BLR-DRY-MH-Sumadhura2 -> BLR-Shivaji nagar New_part3 -> BLR-DRY-MH-Sumadhura2
BLR-DRY-MH-Sumadhura2,BLR-DRY-MH-Sumadhura2_V003,24H,1,6FT,1000,568,56.8,1,Direct,94.26,60,60,114.7,60,60,354.7,600,59.1,True,BLR-DRY-MH-Sumadhura2 -> BLR-JC Nagar_part2 -> BLR-DRY-MH-Sumadhura2
BLR-DRY-MH-Sumadhura2,BLR-DRY-MH-Sumadhura2_V003,24H,2,6FT,1000,608,60.8,1,Direct,91.65,60,60,118.5,60,60,358.5,600,59.8,True,BLR-DRY-MH-Sumadhura2 -> BLR-Vidyaranyapura_part2 -> BLR-DRY-MH-Sumadhura2
BLR-DRY-MH-Sumadhura2,BLR-DRY-MH-Sumadhura2_V004,24H,1,6FT,1000,616,61.6,1,Direct,92.04,60,60,108.9,60,60,348.9,600,58.2,True,BLR-DRY-MH-Sumadhura2 -> BLR-Yallapa Garden_part2 -> BLR-DRY-MH-Sumadhura2
BLR-DRY-MH-Sumadhura2,BLR-DRY-MH-Sumadhura2_V004,24H,2,6FT,1000,508,50.8,1,Direct,84.46,60,60,101.4,60,60,341.4,600,56.9,True,BLR-DRY-MH-Sumadhura2 -> BLR-Chickpet New_part2 -> BLR-DRY-MH-Sumadhura2
BLR-DRY-MH-Sumadhura2,BLR-DRY-MH-Sumadhura2_V005,24H,1,6FT,1000,150,15.0,1,Direct,76.77,60,60,95.8,60,60,335.8,600,56.0,True,BLR-DRY-MH-Sumadhura2 -> BLR-Dasarahalli_part2 -> BLR-DRY-MH-Sumadhura2
BLR-DRY-MH-Sumadhura2,BLR-DRY-MH-Sumadhura2_V005,24H,2,6FT,1000,69,6.9,1,Direct,65.41,60,60,76.2,60,60,316.2,600,52.7,True,BLR-DRY-MH-Sumadhura2 -> BLR-KALYAN NAGAR NEW_part2 -> BLR-DRY-MH-Sumadhura2
BLR-DRY-MH-Sumadhura2,BLR-DRY-MH-Sumadhura2_V006,24H,1,6FT,1000,951,95.1,1,Direct,54.58,60,60,64.6,60,60,304.6,600,50.8,True,BLR-DRY-MH-Sumadhura2 -> BLR-RAMAMURTHY NAGAR NEW_part2 -> BLR-DRY-MH-Sumadhura2
BLR-DRY-MH-Sumadhura2,BLR-DRY-MH-Sumadhura2_V006,24H,2,6FT,1000,291,29.1,1,Direct,47.89,60,60,56.6,60,60,296.6,600,49.4,True,BLR-DRY-MH-Sumadhura2 -> BLR-BASAVANAPURA NETWORK 2_part2 -> BLR-DRY-MH-Sumadhura2
BLR-DRY-MH-Sumadhura2,BLR-DRY-MH-Sumadhura2_V007,24H,1,6FT,1000,637,63.7,1,Direct,88.36,60,60,108.9,60,60,348.9,600,58.2,True,BLR-DRY-MH-Sumadhura2 -> BLR-HSR-3_part3 -> BLR-DRY-MH-Sumadhura2
BLR-DRY-MH-Sumadhura2,BLR-DRY-MH-Sumadhura2_V007,24H,2,6FT,1000,658,65.8,1,Direct,87.67,60,60,106.6,60,60,346.6,600,57.8,True,BLR-DRY-MH-Sumadhura2 -> BLR-HSR Layout New_part2 -> BLR-DRY-MH-Sumadhura2
BLR-DRY-MH-Sumadhura2,BLR-DRY-MH-Sumadhura2_V008,24H,1,6FT,1000,359,35.9,1,Direct,85.78,60,60,101.7,60,60,341.7,600,57.0,True,BLR-DRY-MH-Sumadhura2 -> BLR-BTM LAYOUT NEW_part2 -> BLR-DRY-MH-Sumadhura2
BLR-DRY-MH-Sumadhura2,BLR-DRY-MH-Sumadhura2_V008,24H,2,6FT,1000,628,62.8,1,Direct,78.0,60,60,96.7,60,60,336.7,600,56.1,True,BLR-DRY-MH-Sumadhura2 -> BLR-Bagalur_part2 -> BLR-DRY-MH-Sumadhura2
BLR-DRY-MH-Sumadhura2,BLR-DRY-MH-Sumadhura2_V009,24H,1,6FT,1000,355,35.5,1,Direct,70.38,60,60,85.3,60,60,325.3,600,54.2,True,BLR-DRY-MH-Sumadhura2 -> BLR-Narayanapura Network_part2 -> BLR-DRY-MH-Sumadhura2
BLR-DRY-MH-Sumadhura2,BLR-DRY-MH-Sumadhura2_V009,24H,2,6FT,1000,27,2.7,1,Direct,69.74,60,60,82.8,60,60,322.8,600,53.8,True,BLR-DRY-MH-Sumadhura2 -> BLR-INDIRANAGAR NEW_part3 -> BLR-DRY-MH-Sumadhura2
BLR-DRY-MH-Sumadhura2,BLR-DRY-MH-Sumadhura2_V010,24H,1,6FT,1000,939,93.9,1,Direct,88.78,60,60,107.3,60,60,347.3,600,57.9,True,BLR-DRY-MH-Sumadhura2 -> BLR-BTM-2_part2 -> BLR-DRY-MH-Sumadhura2
BLR-DRY-MH-Sumadhura2,BLR-DRY-MH-Sumadhura2_V010,24H,2,6FT,1000,0,0.0,0,—,0.0,0,0,0.0,0,0,0.0,600,0.0,False,—
BLR-DRY-MH-Sumadhura2,BLR-DRY-MH-Sumadhura2_V011,24H,1,8FT,2000,1376,68.8,1,Direct,59.49,60,60,71.4,60,60,311.4,600,51.9,True,BLR-DRY-MH-Sumadhura2 -> BLR-Banjara Layout_part2 -> BLR-DRY-MH-Sumadhura2
BLR-DRY-MH-Sumadhura2,BLR-DRY-MH-Sumadhura2_V011,24H,2,8FT,2000,1682,84.1,1,Direct,59.24,60,60,71.1,60,60,311.1,600,51.8,False,BLR-DRY-MH-Sumadhura2 -> BLR-Garudachar Palya -> BLR-DRY-MH-Sumadhura2
BLR-DRY-MH-Sumadhura2,BLR-DRY-MH-Sumadhura2_V012,24H,1,8FT,2000,1308,65.4,1,Direct,90.45,60,60,108.8,60,60,348.8,600,58.1,True,BLR-DRY-MH-Sumadhura2 -> BLR-Mathikere_part2 -> BLR-DRY-MH-Sumadhura2
BLR-DRY-MH-Sumadhura2,BLR-DRY-MH-Sumadhura2_V012,24H,2,8FT,2000,1156,57.8,1,Direct,77.82,60,60,96.5,60,60,336.5,600,56.1,True,BLR-DRY-MH-Sumadhura2 -> BLR-Richmond Town Network_part2 -> BLR-DRY-MH-Sumadhura2
BLR-DRY-MH-Sumadhura2,BLR-DRY-MH-Sumadhura2_V013,24H,1,8FT,2000,1893,94.7,1,Direct,75.25,60,60,89.7,60,60,329.7,600,54.9,True,BLR-DRY-MH-Sumadhura2 -> BLR-RICHMOND TOWN_part2 -> BLR-DRY-MH-Sumadhura2
BLR-DRY-MH-Sumadhura2,BLR-DRY-MH-Sumadhura2_V013,24H,2,8FT,2000,1520,76.0,1,Direct,54.08,60,60,64.2,60,60,304.2,600,50.7,True,BLR-DRY-MH-Sumadhura2 -> BLR-Whitefield New_part2 -> BLR-DRY-MH-Sumadhura2
BLR-DRY-MH-Sumadhura2,BLR-DRY-MH-Sumadhura2_V014,24H,1,10FT,3000,2934,97.8,1,Direct,66.42,60,90,81.0,60,90,381.0,600,63.5,False,BLR-DRY-MH-Sumadhura2 -> BLR-Doddanekundi -> BLR-DRY-MH-Sumadhura2
BLR-DRY-MH-Sumadhura2,BLR-DRY-MH-Sumadhura2_V014,24H,2,10FT,3000,2312,77.1,1,Direct,101.93,60,90,128.1,60,90,428.1,600,71.4,False,BLR-DRY-MH-Sumadhura2 -> BLR-Abbigere -> BLR-DRY-MH-Sumadhura2
BLR-DRY-MH-Sumadhura2,BLR-DRY-MH-Sumadhura2_V015,24H,1,10FT,3000,2565,85.5,1,Direct,79.39,60,90,100.5,60,90,400.5,600,66.8,True,BLR-DRY-MH-Sumadhura2 -> BLR-Cholayanakanalli_part2 -> BLR-DRY-MH-Sumadhura2
BLR-DRY-MH-Sumadhura2,BLR-DRY-MH-Sumadhura2_V015,24H,2,10FT,3000,2452,81.7,1,Direct,77.28,60,90,90.4,60,90,390.4,600,65.1,True,BLR-DRY-MH-Sumadhura2 -> BLR-SHIVAJI NAGAR Network_part2 -> BLR-DRY-MH-Sumadhura2
BLR-DRY-MH-Sumadhura2,BLR-DRY-MH-Sumadhura2_V016,24H,1,10FT,3000,2743,91.4,1,Direct,73.54,60,90,92.4,60,90,392.4,600,65.4,True,BLR-DRY-MH-Sumadhura2 -> BLR-HEBBAL NEW_part2 -> BLR-DRY-MH-Sumadhura2
BLR-DRY-MH-Sumadhura2,BLR-DRY-MH-Sumadhura2_V016,24H,2,10FT,3000,2399,80.0,1,Direct,68.31,60,90,81.4,60,90,381.4,600,63.6,True,BLR-DRY-MH-Sumadhura2 -> BLR-Kalyan Nagar Network_part2 -> BLR-DRY-MH-Sumadhura2
BLR-DRY-MH-Sumadhura2,BLR-DRY-MH-Sumadhura2_V017,24H,1,10FT,3000,2035,67.8,1,Direct,65.52,60,90,77.9,60,90,377.9,600,63.0,True,BLR-DRY-MH-Sumadhura2 -> BLR-Challakere_part2 -> BLR-DRY-MH-Sumadhura2
BLR-DRY-MH-Sumadhura2,BLR-DRY-MH-Sumadhura2_V017,24H,2,10FT,3000,2529,84.3,1,Direct,67.25,60,90,78.4,60,90,378.4,600,63.1,True,BLR-DRY-MH-Sumadhura2 -> BLR-CV RAMAN NAGAR NEW_part2 -> BLR-DRY-MH-Sumadhura2
BLR-DRY-MH-Sumadhura2,BLR-DRY-MH-Sumadhura2_V018,24H,1,10FT,3000,2987,99.6,1,Direct,95.76,60,90,117.0,60,90,417.0,600,69.5,False,BLR-DRY-MH-Sumadhura2 -> BLR-Goraguntepalya -> BLR-DRY-MH-Sumadhura2
BLR-DRY-MH-Sumadhura2,BLR-DRY-MH-Sumadhura2_V018,24H,2,10FT,3000,2202,73.4,1,Direct,110.53,60,90,142.2,60,90,442.2,600,73.7,False,BLR-DRY-MH-Sumadhura2 -> BLR-Kannika Nagar -> BLR-DRY-MH-Sumadhura2
BLR-DRY-MH-Sumadhura2,BLR-DRY-MH-Sumadhura2_V019,24H,1,10FT,3000,2322,77.4,2,Milk Run,114.26,60,90,142.7,120,180,592.7,600,98.8,False,BLR-DRY-MH-Sumadhura2 -> BLR-Magadi Road -> BLR-Tippenahalli -> BLR-DRY-MH-Sumadhura2
BLR-DRY-MH-Sumadhura2,BLR-DRY-MH-Sumadhura2_V019,24H,2,10FT,3000,3000,100.0,1,Direct,89.21,60,90,106.0,60,90,406.0,600,67.7,True,BLR-DRY-MH-Sumadhura2 -> BLR-Malleshwaram new_part1 -> BLR-DRY-MH-Sumadhura2
BLR-DRY-MH-Sumadhura2,BLR-DRY-MH-Sumadhura2_V020,24H,1,10FT,3000,2335,77.8,1,Direct,89.21,60,90,106.0,60,90,406.0,600,67.7,True,BLR-DRY-MH-Sumadhura2 -> BLR-Malleshwaram new_part2 -> BLR-DRY-MH-Sumadhura2
BLR-DRY-MH-Sumadhura2,BLR-DRY-MH-Sumadhura2_V020,24H,2,10FT,3000,3000,100.0,1,Direct,87.18,60,90,105.3,60,90,405.3,600,67.5,True,BLR-DRY-MH-Sumadhura2 -> BLR-Sanjaynagar_part1 -> BLR-DRY-MH-Sumadhura2
BLR-DRY-MH-Sumadhura2,BLR-DRY-MH-Sumadhura2_V021,24H,1,10FT,3000,3000,100.0,1,Direct,85.43,60,90,102.3,60,90,402.3,600,67.0,True,BLR-DRY-MH-Sumadhura2 -> BLR-Margosa road_part1 -> BLR-DRY-MH-Sumadhura2
BLR-DRY-MH-Sumadhura2,BLR-DRY-MH-Sumadhura2_V021,24H,2,10FT,3000,3000,100.0,1,Direct,84.4,60,90,105.5,60,90,405.5,600,67.6,True,BLR-DRY-MH-Sumadhura2 -> BLR-BHADRAPPA LAYOUT NETWORK_part1 -> BLR-DRY-MH-Sumadhura2
BLR-DRY-MH-Sumadhura2,BLR-DRY-MH-Sumadhura2_V022,24H,1,10FT,3000,3000,100.0,1,Direct,73.96,60,90,86.0,60,90,386.0,600,64.3,True,BLR-DRY-MH-Sumadhura2 -> BLR-Shivaji nagar New_part1 -> BLR-DRY-MH-Sumadhura2
BLR-DRY-MH-Sumadhura2,BLR-DRY-MH-Sumadhura2_V022,24H,2,10FT,3000,3000,100.0,1,Direct,73.96,60,90,86.0,60,90,386.0,600,64.3,True,BLR-DRY-MH-Sumadhura2 -> BLR-Shivaji nagar New_part2 -> BLR-DRY-MH-Sumadhura2
BLR-DRY-MH-Sumadhura2,BLR-DRY-MH-Sumadhura2_V023,24H,1,10FT,3000,3000,100.0,1,Direct,59.49,60,90,71.4,60,90,371.4,600,61.9,True,BLR-DRY-MH-Sumadhura2 -> BLR-Banjara Layout_part1 -> BLR-DRY-MH-Sumadhura2
BLR-DRY-MH-Sumadhura2,BLR-DRY-MH-Sumadhura2_V023,24H,2,10FT,3000,2038,67.9,1,Direct,53.3,60,90,61.4,60,90,361.4,600,60.2,False,BLR-DRY-MH-Sumadhura2 -> BLR-TC Palaya -> BLR-DRY-MH-Sumadhura2
BLR-DRY-MH-Sumadhura2,BLR-DRY-MH-Sumadhura2_V024,24H,1,14FT,4667,4003,85.8,1,Direct,91.07,60,90,117.7,60,90,417.7,600,69.6,False,BLR-DRY-MH-Sumadhura2 -> BLR-Yelahanka new town New -> BLR-DRY-MH-Sumadhura2
BLR-DRY-MH-Sumadhura2,BLR-DRY-MH-Sumadhura2_V024,24H,2,14FT,4667,3735,80.0,1,Direct,71.82,60,90,88.5,60,90,388.5,600,64.7,False,BLR-DRY-MH-Sumadhura2 -> BLR-HBR Layout -> BLR-DRY-MH-Sumadhura2
BLR-DRY-MH-Sumadhura2,BLR-DRY-MH-Sumadhura2_V025,24H,1,14FT,4667,4078,87.4,1,Direct,64.75,60,90,77.6,60,90,377.6,600,62.9,False,BLR-DRY-MH-Sumadhura2 -> BLR-GUNJUR Network -> BLR-DRY-MH-Sumadhura2
BLR-DRY-MH-Sumadhura2,BLR-DRY-MH-Sumadhura2_V025,24H,2,14FT,4667,3199,68.5,1,Direct,51.12,60,90,60.7,60,90,360.7,600,60.1,False,BLR-DRY-MH-Sumadhura2 -> BLR-Doddathoguru -> BLR-DRY-MH-Sumadhura2
BLR-DRY-MH-Sumadhura2,BLR-DRY-MH-Sumadhura2_V026,24H,1,14FT,4667,4651,99.7,2,Milk Run,112.39,60,90,141.0,120,180,591.0,600,98.5,False,BLR-DRY-MH-Sumadhura2 -> BLR-Nagdevanahalli -> BLR-JP Nagar Network -> BLR-DRY-MH-Sumadhura2
BLR-DRY-MH-Sumadhura2,BLR-DRY-MH-Sumadhura2_V026,24H,2,14FT,4667,4648,99.6,1,Direct,66.62,60,90,79.4,60,90,379.4,600,63.2,False,BLR-DRY-MH-Sumadhura2 -> BLR-Marathahalli-3 -> BLR-DRY-MH-Sumadhura2
BLR-DRY-MH-Sumadhura2,BLR-DRY-MH-Sumadhura2_V027,24H,1,14FT,4667,4198,90.0,1,Direct,65.02,60,90,79.1,60,90,379.1,600,63.2,False,BLR-DRY-MH-Sumadhura2 -> BLR-Narayanapura -> BLR-DRY-MH-Sumadhura2
BLR-DRY-MH-Sumadhura2,BLR-DRY-MH-Sumadhura2_V027,24H,2,14FT,4667,4388,94.0,2,Milk Run,64.76,60,90,79.5,120,180,529.5,600,88.3,False,BLR-DRY-MH-Sumadhura2 -> BLR-Varthur -> BLR-Siddapura -> BLR-DRY-MH-Sumadhura2
BLR-DRY-MH-Sumadhura2,BLR-DRY-MH-Sumadhura2_V028,24H,1,14FT,4667,4538,97.2,1,Direct,59.37,60,90,70.1,60,90,370.1,600,61.7,False,BLR-DRY-MH-Sumadhura2 -> BLR-BROOKEFIELD -> BLR-DRY-MH-Sumadhura2
BLR-DRY-MH-Sumadhura2,BLR-DRY-MH-Sumadhura2_V028,24H,2,14FT,4667,3687,79.0,1,Direct,54.91,60,90,64.3,60,90,364.3,600,60.7,False,BLR-DRY-MH-Sumadhura2 -> BLR-Brookfield Network-2 -> BLR-DRY-MH-Sumadhura2
BLR-DRY-MH-Sumadhura2,BLR-DRY-MH-Sumadhura2_V029,24H,1,14FT,4667,3746,80.3,1,Direct,40.47,60,90,47.2,60,90,347.2,600,57.9,False,BLR-DRY-MH-Sumadhura2 -> BLR-Sattava East -> BLR-DRY-MH-Sumadhura2
BLR-DRY-MH-Sumadhura2,BLR-DRY-MH-Sumadhura2_V029,24H,2,14FT,4667,4612,98.8,1,Direct,51.89,60,90,61.0,60,90,361.0,600,60.2,False,BLR-DRY-MH-Sumadhura2 -> BLR-Kadugodi -> BLR-DRY-MH-Sumadhura2
BLR-DRY-MH-Sumadhura2,BLR-DRY-MH-Sumadhura2_V030,24H,1,14FT,4667,3306,70.8,1,Direct,39.87,60,90,46.6,60,90,346.6,600,57.8,False,BLR-DRY-MH-Sumadhura2 -> BLR-Budigere Cross -> BLR-DRY-MH-Sumadhura2
BLR-DRY-MH-Sumadhura2,BLR-DRY-MH-Sumadhura2_V030,24H,2,14FT,4667,3516,75.3,1,Direct,101.61,60,90,122.9,60,90,422.9,600,70.5,False,BLR-DRY-MH-Sumadhura2 -> BLR-Kothnur New -> BLR-DRY-MH-Sumadhura2
BLR-DRY-MH-Sumadhura2,BLR-DRY-MH-Sumadhura2_V031,24H,1,14FT,4667,3477,74.5,1,Direct,99.73,60,90,127.2,60,90,427.2,600,71.2,False,BLR-DRY-MH-Sumadhura2 -> BLR-Singapura -> BLR-DRY-MH-Sumadhura2
BLR-DRY-MH-Sumadhura2,BLR-DRY-MH-Sumadhura2_V031,24H,2,14FT,4667,4605,98.7,1,Direct,98.52,60,90,119.6,60,90,419.6,600,69.9,False,BLR-DRY-MH-Sumadhura2 -> BLR-BANNERGHATTA -> BLR-DRY-MH-Sumadhura2
BLR-DRY-MH-Sumadhura2,BLR-DRY-MH-Sumadhura2_V032,24H,1,14FT,4667,4026,86.3,1,Direct,98.04,60,90,120.0,60,90,420.0,600,70.0,False,BLR-DRY-MH-Sumadhura2 -> BLR-JP Nagar Network-2 -> BLR-DRY-MH-Sumadhura2
BLR-DRY-MH-Sumadhura2,BLR-DRY-MH-Sumadhura2_V032,24H,2,14FT,4667,4453,95.4,1,Direct,96.39,60,90,119.1,60,90,419.1,600,69.9,False,BLR-DRY-MH-Sumadhura2 -> BLR-JP Nagar New -> BLR-DRY-MH-Sumadhura2
BLR-DRY-MH-Sumadhura2,BLR-DRY-MH-Sumadhura2_V033,24H,1,14FT,4667,3134,67.2,1,Direct,94.0,60,90,118.9,60,90,418.9,600,69.8,False,BLR-DRY-MH-Sumadhura2 -> BLR-Yelahanka Network -> BLR-DRY-MH-Sumadhura2
BLR-DRY-MH-Sumadhura2,BLR-DRY-MH-Sumadhura2_V033,24H,2,14FT,4667,4667,100.0,1,Direct,94.26,60,90,114.7,60,90,414.7,600,69.1,True,BLR-DRY-MH-Sumadhura2 -> BLR-JC Nagar_part1 -> BLR-DRY-MH-Sumadhura2
BLR-DRY-MH-Sumadhura2,BLR-DRY-MH-Sumadhura2_V034,24H,1,14FT,4667,4546,97.4,1,Direct,94.3,60,90,113.3,60,90,413.3,600,68.9,False,BLR-DRY-MH-Sumadhura2 -> BLR-VIJAY NAGAR -> BLR-DRY-MH-Sumadhura2
BLR-DRY-MH-Sumadhura2,BLR-DRY-MH-Sumadhura2_V034,24H,2,14FT,4667,4667,100.0,1,Direct,91.65,60,90,118.5,60,90,418.5,600,69.8,True,BLR-DRY-MH-Sumadhura2 -> BLR-Vidyaranyapura_part1 -> BLR-DRY-MH-Sumadhura2
BLR-DRY-MH-Sumadhura2,BLR-DRY-MH-Sumadhura2_V035,24H,1,14FT,4667,4667,100.0,1,Direct,92.04,60,90,108.9,60,90,408.9,600,68.2,True,BLR-DRY-MH-Sumadhura2 -> BLR-Yallapa Garden_part1 -> BLR-DRY-MH-Sumadhura2
BLR-DRY-MH-Sumadhura2,BLR-DRY-MH-Sumadhura2_V035,24H,2,14FT,4667,4667,100.0,1,Direct,90.45,60,90,108.8,60,90,408.8,600,68.1,True,BLR-DRY-MH-Sumadhura2 -> BLR-Mathikere_part1 -> BLR-DRY-MH-Sumadhura2
BLR-DRY-MH-Sumadhura2,BLR-DRY-MH-Sumadhura2_V036,24H,1,14FT,4667,3950,84.6,2,Milk Run,101.81,60,90,128.6,120,180,578.6,600,96.4,False,BLR-DRY-MH-Sumadhura2 -> BLR-Bannerghatta Network 2 -> BLR-Jayanagar 9th block -> BLR-DRY-MH-Sumadhura2
BLR-DRY-MH-Sumadhura2,BLR-DRY-MH-Sumadhura2_V036,24H,2,14FT,4667,3805,81.5,1,Direct,86.09,60,90,109.9,60,90,409.9,600,68.3,False,BLR-DRY-MH-Sumadhura2 -> BLR-RWF Yelahanka -> BLR-DRY-MH-Sumadhura2
BLR-DRY-MH-Sumadhura2,BLR-DRY-MH-Sumadhura2_V037,24H,1,14FT,4667,4667,100.0,1,Direct,84.46,60,90,101.4,60,90,401.4,600,66.9,True,BLR-DRY-MH-Sumadhura2 -> BLR-Chickpet New_part1 -> BLR-DRY-MH-Sumadhura2
BLR-DRY-MH-Sumadhura2,BLR-DRY-MH-Sumadhura2_V037,24H,2,14FT,4667,3604,77.2,1,Direct,80.35,60,90,100.7,60,90,400.7,600,66.8,False,BLR-DRY-MH-Sumadhura2 -> BLR-Nehru Nagar -> BLR-DRY-MH-Sumadhura2
BLR-DRY-MH-Sumadhura2,BLR-DRY-MH-Sumadhura2_V038,24H,1,14FT,4667,4667,100.0,1,Direct,79.39,60,90,100.5,60,90,400.5,600,66.8,True,BLR-DRY-MH-Sumadhura2 -> BLR-Cholayanakanalli_part1 -> BLR-DRY-MH-Sumadhura2
BLR-DRY-MH-Sumadhura2,BLR-DRY-MH-Sumadhura2_V038,24H,2,14FT,4667,4667,100.0,1,Direct,77.28,60,90,90.4,60,90,390.4,600,65.1,True,BLR-DRY-MH-Sumadhura2 -> BLR-SHIVAJI NAGAR Network_part1 -> BLR-DRY-MH-Sumadhura2
BLR-DRY-MH-Sumadhura2,BLR-DRY-MH-Sumadhura2_V039,24H,1,14FT,4667,4667,100.0,1,Direct,77.82,60,90,96.5,60,90,396.5,600,66.1,True,BLR-DRY-MH-Sumadhura2 -> BLR-Richmond Town Network_part1 -> BLR-DRY-MH-Sumadhura2
BLR-DRY-MH-Sumadhura2,BLR-DRY-MH-Sumadhura2_V039,24H,2,14FT,4667,4667,100.0,1,Direct,76.77,60,90,95.8,60,90,395.8,600,66.0,True,BLR-DRY-MH-Sumadhura2 -> BLR-Dasarahalli_part1 -> BLR-DRY-MH-Sumadhura2
BLR-DRY-MH-Sumadhura2,BLR-DRY-MH-Sumadhura2_V040,24H,1,14FT,4667,3865,82.8,1,Direct,76.96,60,90,95.4,60,90,395.4,600,65.9,False,BLR-DRY-MH-Sumadhura2 -> BLR-Jakkur New -> BLR-DRY-MH-Sumadhura2
BLR-DRY-MH-Sumadhura2,BLR-DRY-MH-Sumadhura2_V040,24H,2,14FT,4667,3978,85.2,1,Direct,74.75,60,90,92.4,60,90,392.4,600,65.4,False,BLR-DRY-MH-Sumadhura2 -> BLR-Jakkur Network -> BLR-DRY-MH-Sumadhura2
BLR-DRY-MH-Sumadhura2,BLR-DRY-MH-Sumadhura2_V041,24H,1,14FT,4667,4667,100.0,1,Direct,75.25,60,90,89.7,60,90,389.7,600,64.9,True,BLR-DRY-MH-Sumadhura2 -> BLR-RICHMOND TOWN_part1 -> BLR-DRY-MH-Sumadhura2
BLR-DRY-MH-Sumadhura2,BLR-DRY-MH-Sumadhura2_V041,24H,2,14FT,4667,4667,100.0,1,Direct,73.54,60,90,92.4,60,90,392.4,600,65.4,True,BLR-DRY-MH-Sumadhura2 -> BLR-HEBBAL NEW_part1 -> BLR-DRY-MH-Sumadhura2
BLR-DRY-MH-Sumadhura2,BLR-DRY-MH-Sumadhura2_V042,24H,1,14FT,4667,3896,83.5,1,Direct,72.24,60,90,92.5,60,90,392.5,600,65.4,False,BLR-DRY-MH-Sumadhura2 -> BLR-Kogilu Road -> BLR-DRY-MH-Sumadhura2
BLR-DRY-MH-Sumadhura2,BLR-DRY-MH-Sumadhura2_V042,24H,2,14FT,4667,4667,100.0,1,Direct,68.31,60,90,81.4,60,90,381.4,600,63.6,True,BLR-DRY-MH-Sumadhura2 -> BLR-Kalyan Nagar Network_part1 -> BLR-DRY-MH-Sumadhura2
BLR-DRY-MH-Sumadhura2,BLR-DRY-MH-Sumadhura2_V043,24H,1,14FT,4667,4142,88.8,2,Milk Run,108.99,60,90,142.2,120,180,592.2,600,98.7,False,BLR-DRY-MH-Sumadhura2 -> BLR-Murugeshpalya -> BLR-Hegganahalli -> BLR-DRY-MH-Sumadhura2
BLR-DRY-MH-Sumadhura2,BLR-DRY-MH-Sumadhura2_V043,24H,2,14FT,4667,4667,100.0,1,Direct,65.52,60,90,77.9,60,90,377.9,600,63.0,True,BLR-DRY-MH-Sumadhura2 -> BLR-Challakere_part1 -> BLR-DRY-MH-Sumadhura2
BLR-DRY-MH-Sumadhura2,BLR-DRY-MH-Sumadhura2_V044,24H,1,14FT,4667,4667,100.0,1,Direct,65.41,60,90,76.2,60,90,376.2,600,62.7,True,BLR-DRY-MH-Sumadhura2 -> BLR-KALYAN NAGAR NEW_part1 -> BLR-DRY-MH-Sumadhura2
BLR-DRY-MH-Sumadhura2,BLR-DRY-MH-Sumadhura2_V044,24H,2,14FT,4667,4401,94.3,1,Direct,63.86,60,90,75.6,60,90,375.6,600,62.6,False,BLR-DRY-MH-Sumadhura2 -> BLR-GUNJUR -> BLR-DRY-MH-Sumadhura2
BLR-DRY-MH-Sumadhura2,BLR-DRY-MH-Sumadhura2_V045,24H,1,14FT,4667,3147,67.4,1,Direct,62.16,60,90,73.4,60,90,373.4,600,62.2,False,BLR-DRY-MH-Sumadhura2 -> BLR-Ramamurthy Nagar Network -> BLR-DRY-MH-Sumadhura2
BLR-DRY-MH-Sumadhura2,BLR-DRY-MH-Sumadhura2_V045,24H,2,14FT,4667,3919,84.0,1,Direct,63.34,60,90,77.4,60,90,377.4,600,62.9,False,BLR-DRY-MH-Sumadhura2 -> BLR-Hennur New -> BLR-DRY-MH-Sumadhura2
BLR-DRY-MH-Sumadhura2,BLR-DRY-MH-Sumadhura2_V046,24H,1,14FT,4667,3156,67.6,1,Direct,61.69,60,90,66.5,60,90,366.5,600,61.1,False,BLR-DRY-MH-Sumadhura2 -> BLR-Devanahalli -> BLR-DRY-MH-Sumadhura2
BLR-DRY-MH-Sumadhura2,BLR-DRY-MH-Sumadhura2_V046,24H,2,14FT,4667,3431,73.5,1,Direct,68.72,60,90,81.3,60,90,381.3,600,63.6,False,BLR-DRY-MH-Sumadhura2 -> BLR-Aswath Nagar -> BLR-DRY-MH-Sumadhura2
BLR-DRY-MH-Sumadhura2,BLR-DRY-MH-Sumadhura2_V047,24H,1,14FT,4667,3904,83.7,1,Direct,61.13,60,90,70.4,60,90,370.4,600,61.7,False,BLR-DRY-MH-Sumadhura2 -> BLR-Kasturinagar -> BLR-DRY-MH-Sumadhura2
BLR-DRY-MH-Sumadhura2,BLR-DRY-MH-Sumadhura2_V047,24H,2,14FT,4667,4667,100.0,1,Direct,54.58,60,90,64.6,60,90,364.6,600,60.8,True,BLR-DRY-MH-Sumadhura2 -> BLR-RAMAMURTHY NAGAR NEW_part1 -> BLR-DRY-MH-Sumadhura2
BLR-DRY-MH-Sumadhura2,BLR-DRY-MH-Sumadhura2_V048,24H,1,14FT,4667,4667,100.0,1,Direct,54.08,60,90,64.2,60,90,364.2,600,60.7,True,BLR-DRY-MH-Sumadhura2 -> BLR-Whitefield New_part1 -> BLR-DRY-MH-Sumadhura2
BLR-DRY-MH-Sumadhura2,BLR-DRY-MH-Sumadhura2_V048,24H,2,14FT,4667,4667,100.0,1,Direct,47.89,60,90,56.6,60,90,356.6,600,59.4,True,BLR-DRY-MH-Sumadhura2 -> BLR-BASAVANAPURA NETWORK 2_part1 -> BLR-DRY-MH-Sumadhura2
BLR-DRY-MH-Sumadhura2,BLR-DRY-MH-Sumadhura2_V049,24H,1,14FT,4667,3759,80.5,1,Direct,46.17,60,90,53.6,60,90,353.6,600,58.9,False,BLR-DRY-MH-Sumadhura2 -> BLR-Seegehalli -> BLR-DRY-MH-Sumadhura2
BLR-DRY-MH-Sumadhura2,BLR-DRY-MH-Sumadhura2_V049,24H,2,14FT,4667,0,0.0,0,—,0.0,0,0,0.0,0,0,0.0,600,0.0,False,—
BLR-DRY-MH-Sumadhura2,BLR-DRY-MH-Sumadhura2_V050,24H,1,17FT,5467,5180,94.8,1,Direct,62.85,60,120,75.5,60,120,435.5,600,72.6,False,BLR-DRY-MH-Sumadhura2 -> BLR-Marathahalli New -> BLR-DRY-MH-Sumadhura2
BLR-DRY-MH-Sumadhura2,BLR-DRY-MH-Sumadhura2_V050,24H,2,17FT,5467,5442,99.5,1,Direct,109.09,60,120,135.4,60,120,495.4,600,82.6,False,BLR-DRY-MH-Sumadhura2 -> BLR-Electronic City New -> BLR-DRY-MH-Sumadhura2
BLR-DRY-MH-Sumadhura2,BLR-DRY-MH-Sumadhura2_V051,24H,1,17FT,5467,5102,93.3,1,Direct,94.88,60,120,115.8,60,120,475.8,600,79.3,False,BLR-DRY-MH-Sumadhura2 -> BLR-Banashankari New -> BLR-DRY-MH-Sumadhura2
BLR-DRY-MH-Sumadhura2,BLR-DRY-MH-Sumadhura2_V051,24H,2,17FT,5467,5467,100.0,1,Direct,88.36,60,120,108.9,60,120,468.9,600,78.2,True,BLR-DRY-MH-Sumadhura2 -> BLR-HSR-3_part1 -> BLR-DRY-MH-Sumadhura2
BLR-DRY-MH-Sumadhura2,BLR-DRY-MH-Sumadhura2_V052,24H,1,17FT,5467,5467,100.0,1,Direct,88.36,60,120,108.9,60,120,468.9,600,78.2,True,BLR-DRY-MH-Sumadhura2 -> BLR-HSR-3_part2 -> BLR-DRY-MH-Sumadhura2
BLR-DRY-MH-Sumadhura2,BLR-DRY-MH-Sumadhura2_V052,24H,2,17FT,5467,5467,100.0,1,Direct,87.67,60,120,106.6,60,120,466.6,600,77.8,True,BLR-DRY-MH-Sumadhura2 -> BLR-HSR Layout New_part1 -> BLR-DRY-MH-Sumadhura2
BLR-DRY-MH-Sumadhura2,BLR-DRY-MH-Sumadhura2_V053,24H,1,17FT,5467,5467,100.0,1,Direct,85.78,60,120,101.7,60,120,461.7,600,77.0,True,BLR-DRY-MH-Sumadhura2 -> BLR-BTM LAYOUT NEW_part1 -> BLR-DRY-MH-Sumadhura2
BLR-DRY-MH-Sumadhura2,BLR-DRY-MH-Sumadhura2_V053,24H,2,17FT,5467,4783,87.5,1,Direct,82.86,60,120,105.1,60,120,465.1,600,77.5,False,BLR-DRY-MH-Sumadhura2 -> BLR - Bhadrappa Layout -> BLR-DRY-MH-Sumadhura2
BLR-DRY-MH-Sumadhura2,BLR-DRY-MH-Sumadhura2_V054,24H,1,17FT,5467,5467,100.0,1,Direct,78.0,60,120,96.7,60,120,456.7,600,76.1,True,BLR-DRY-MH-Sumadhura2 -> BLR-Bagalur_part1 -> BLR-DRY-MH-Sumadhura2
BLR-DRY-MH-Sumadhura2,BLR-DRY-MH-Sumadhura2_V054,24H,2,17FT,5467,5234,95.7,1,Direct,73.34,60,120,91.5,60,120,451.5,600,75.3,False,BLR-DRY-MH-Sumadhura2 -> BLR-Nagavara -> BLR-DRY-MH-Sumadhura2
BLR-DRY-MH-Sumadhura2,BLR-DRY-MH-Sumadhura2_V055,24H,1,17FT,5467,5467,100.0,1,Direct,70.38,60,120,85.3,60,120,445.3,600,74.2,True,BLR-DRY-MH-Sumadhura2 -> BLR-Narayanapura Network_part1 -> BLR-DRY-MH-Sumadhura2
BLR-DRY-MH-Sumadhura2,BLR-DRY-MH-Sumadhura2_V055,24H,2,17FT,5467,5467,100.0,1,Direct,69.74,60,120,82.8,60,120,442.8,600,73.8,True,BLR-DRY-MH-Sumadhura2 -> BLR-INDIRANAGAR NEW_part1 -> BLR-DRY-MH-Sumadhura2
BLR-DRY-MH-Sumadhura2,BLR-DRY-MH-Sumadhura2_V056,24H,1,17FT,5467,5467,100.0,1,Direct,69.74,60,120,82.8,60,120,442.8,600,73.8,True,BLR-DRY-MH-Sumadhura2 -> BLR-INDIRANAGAR NEW_part2 -> BLR-DRY-MH-Sumadhura2
BLR-DRY-MH-Sumadhura2,BLR-DRY-MH-Sumadhura2_V056,24H,2,17FT,5467,5320,97.3,1,Direct,67.04,60,120,86.4,60,120,446.4,600,74.4,False,BLR-DRY-MH-Sumadhura2 -> BLR-Nikoo Home New -> BLR-DRY-MH-Sumadhura2
BLR-DRY-MH-Sumadhura2,BLR-DRY-MH-Sumadhura2_V057,24H,1,17FT,5467,5467,100.0,1,Direct,67.25,60,120,78.4,60,120,438.4,600,73.1,True,BLR-DRY-MH-Sumadhura2 -> BLR-CV RAMAN NAGAR NEW_part1 -> BLR-DRY-MH-Sumadhura2
BLR-DRY-MH-Sumadhura2,BLR-DRY-MH-Sumadhura2_V057,24H,2,17FT,5467,5302,97.0,1,Direct,59.28,60,120,68.8,60,120,428.8,600,71.5,False,BLR-DRY-MH-Sumadhura2 -> BLR-Dooravani Nagar -> BLR-DRY-MH-Sumadhura2
BLR-DRY-MH-Sumadhura2,BLR-DRY-MH-Sumadhura2_V058,24H,1,20FT,7600,7600,100.0,1,Direct,88.78,60,120,107.3,60,120,467.3,600,77.9,True,BLR-DRY-MH-Sumadhura2 -> BLR-BTM-2_part1 -> BLR-DRY-MH-Sumadhura2
BLR-DRY-MH-Sumadhura2,BLR-DRY-MH-Sumadhura2_V058,24H,2,20FT,7600,5625,74.0,1,Direct,88.35,60,120,107.6,60,120,467.6,600,77.9,False,BLR-DRY-MH-Sumadhura2 -> BLR-Mico layout network-2 -> BLR-DRY-MH-Sumadhura2
BLR-DRY-MH-Sumadhura2,BLR-DRY-MH-Sumadhura2_V059,24H,1,20FT,7600,5979,78.7,1,Direct,66.78,60,120,82.7,60,120,442.7,600,73.8,False,BLR-DRY-MH-Sumadhura2 -> BLR-Marathahalli 2 -> BLR-DRY-MH-Sumadhura2
BLR-DRY-MH-Sumadhura2,BLR-DRY-MH-Sumadhura2_V059,24H,2,20FT,7600,6988,91.9,2,Milk Run,50.01,60,120,59.4,120,240,599.4,600,99.9,False,BLR-DRY-MH-Sumadhura2 -> BLR-Belathur -> BLR-Kannamangala -> BLR-DRY-MH-Sumadhura2
